{"cameraMode":{"drawMode":0,"name":"Shaded","section":"Shading Mode"},"sceneLighting":false,"audioPlay":false,"sceneViewState":{"showFog":true,"showMaterialUpdate":false,"showSkybox":true,"showFlares":true,"showImageEffects":true,"showParticleSystems":true},"in2DMode":false,"pivot":{"x":-1.2149202823638917,"y":1.175910472869873,"z":0.5916405320167542},"rotation":{"x":0.035246510058641437,"y":-0.1585044264793396,"z":-0.0055862050503492359,"w":-0.9868000745773315},"size":0.26409709453582766,"orthographic":false}