{"cameraMode":{"drawMode":0,"name":"Shaded","section":"Shading Mode"},"sceneLighting":false,"audioPlay":false,"sceneViewState":{"showFog":true,"showMaterialUpdate":false,"showSkybox":true,"showFlares":true,"showImageEffects":true,"showParticleSystems":true},"in2DMode":false,"pivot":{"x":-0.3945641815662384,"y":1.3890881538391114,"z":4.488348484039307},"rotation":{"x":-0.016114480793476106,"y":0.9780316352844238,"z":-0.07657934725284577,"w":-0.1947449892759323},"size":0.6233798265457153,"orthographic":false}