{"cameraMode":{"drawMode":0,"name":"Shaded","section":"Shading Mode"},"sceneLighting":false,"audioPlay":false,"sceneViewState":{"showFog":true,"showMaterialUpdate":false,"showSkybox":true,"showFlares":true,"showImageEffects":true,"showParticleSystems":true},"in2DMode":false,"pivot":{"x":-0.19937506318092347,"y":-16.346860885620118,"z":49.89374923706055},"rotation":{"x":0.1092737689614296,"y":0.0718182623386383,"z":-0.008764787577092648,"w":0.9916868209838867},"size":175.54388427734376,"orthographic":false}