{"cameraMode":{"drawMode":0,"name":"Shaded","section":"Shading Mode"},"sceneLighting":false,"audioPlay":false,"sceneViewState":{"showFog":true,"showMaterialUpdate":false,"showSkybox":true,"showFlares":true,"showImageEffects":true,"showParticleSystems":true},"in2DMode":false,"pivot":{"x":-0.7677287459373474,"y":0.4346446096897125,"z":-0.002928742440417409},"rotation":{"x":0.17523367702960969,"y":0.7319027781486511,"z":-0.2053721398115158,"w":0.6259672045707703},"size":1.4289418458938599,"orthographic":false}