{"cameraMode":{"drawMode":0,"name":"Shaded","section":"Shading Mode"},"sceneLighting":true,"audioPlay":false,"sceneViewState":{"showFog":true,"showMaterialUpdate":false,"showSkybox":true,"showFlares":true,"showImageEffects":true,"showParticleSystems":true},"in2DMode":false,"pivot":{"x":-9.359267234802246,"y":-10.559776306152344,"z":34.33744430541992},"rotation":{"x":-0.14904986321926118,"y":0.09325849264860153,"z":-0.014999866485595703,"w":-0.9847045540809631},"size":68.27134704589844,"orthographic":false}