{"cameraMode":{"drawMode":0,"name":"Shaded","section":"Shading Mode"},"sceneLighting":false,"audioPlay":false,"sceneViewState":{"showFog":true,"showMaterialUpdate":false,"showSkybox":true,"showFlares":true,"showImageEffects":true,"showParticleSystems":true},"in2DMode":false,"pivot":{"x":-1.1021864414215088,"y":1.0199521780014039,"z":-0.06317325681447983},"rotation":{"x":-0.00035532069159671664,"y":-0.9983848929405212,"z":0.060283757746219638,"w":-0.006359431426972151},"size":1.8233802318572999,"orthographic":false}