{"cameraMode":{"drawMode":0,"name":"Shaded","section":"Shading Mode"},"sceneLighting":false,"audioPlay":false,"sceneViewState":{"showFog":true,"showMaterialUpdate":false,"showSkybox":true,"showFlares":true,"showImageEffects":true,"showParticleSystems":true},"in2DMode":false,"pivot":{"x":6.715121746063232,"y":0.47200000286102297,"z":0.18299996852874757},"rotation":{"x":-0.23781421780586244,"y":0.21626591682434083,"z":-0.053950484842061999,"w":-0.9455288052558899},"size":3.7963736057281496,"orthographic":false}