{"cameraMode":{"drawMode":0,"name":"Shaded","section":"Shading Mode"},"sceneLighting":false,"audioPlay":false,"sceneViewState":{"showFog":true,"showMaterialUpdate":false,"showSkybox":true,"showFlares":true,"showImageEffects":true,"showParticleSystems":true},"in2DMode":false,"pivot":{"x":-0.8900049924850464,"y":1.2970000505447388,"z":0.23100000619888307},"rotation":{"x":0.06640959531068802,"y":-0.6619959473609924,"z":0.05882230028510094,"w":0.7445952296257019},"size":0.21584849059581757,"orthographic":false}